users,load-time
0,0.51701295
10,0.359143376
20,0.363261405
30,1.20275326
40,1.051812238
50,1.250008219
60,1.213712065
70,1.670472451
80,3.009407422
90,3.946653819
100,3.462487273
110,4.138540034
120,6.506928592
130,8.849849642
140,9.939419078
150,0
160,0
170,0
180,0
190,0
200,0
210,0
220,0
230,0
240,0
250,0
250,0
250,0
250,0
250,0
250,0
250,0
250,0
250,0
250,0
250,0
250,0
250,0
250,0
250,0
250,0
250,0
250,0
250,0
250,0
250,0
250,0
250,0
250,0
250,0
250,0
